State,City,Terrain
AP,Visakhapatnam,coastal
AP,Vijayawada,inland
AP,Guntur,inland
AP,Tirupati,inland
AP,Kakinada,coastal
AR,Itanagar,hilly
AR,Naharlagun,hilly
AR,Pasighat,hilly
AR,Tawang,hilly
AR,Ziro,hilly
AS,Guwahati,inland
AS,Silchar,inland
AS,Dibrugarh,inland
AS,Jorhat,inland
AS,Tezpur,inland
BR,Patna,inland
BR,Gaya,inland
BR,Muzaffarpur,inland
BR,Bhagalpur,inland
BR,Darbhanga,inland
CG,Raipur,inland
CG,Bhilai,inland
CG,Bilaspur,inland
CG,Korba,inland
CG,Durg,inland
GA,Panaji,coastal
GA,Margao,coastal
GA,Vasco da Gama,coastal
GA,Mapusa,coastal
GA,Ponda,inland
GJ,Ahmedabad,inland
GJ,Surat,coastal
GJ,Vadodara,inland
GJ,Rajkot,inland
GJ,Bhavnagar,coastal
HR,Gurugram,inland
HR,Faridabad,inland
HR,Panipat,inland
HR,Ambala,inland
HR,Hisar,inland
HP,Shimla,hilly
HP,Manali,hilly
HP,Dharamshala,hilly
HP,Solan,hilly
HP,Mandi,hilly
JH,Ranchi,inland
JH,Jamshedpur,inland
JH,Dhanbad,inland
JH,Bokaro,inland
JH,Hazaribagh,inland
KA,Bengaluru,inland
KA,Mangaluru,coastal
KA,Mysuru,inland
KA,Hubballi,inland
KA,Belagavi,inland
KL,Thiruvananthapuram,coastal
KL,Kochi,coastal
KL,Kozhikode,coastal
KL,Thrissur,inland
KL,Kollam,coastal
MP,Bhopal,inland
MP,Indore,inland
MP,Gwalior,inland
MP,Jabalpur,inland
MP,Ujjain,inland
MH,Mumbai,coastal
MH,Pune,inland
MH,Nagpur,inland
MH,Nashik,inland
MH,Chhatrapati Sambhajinagar,inland
MN,Imphal,hilly
MN,Churachandpur,hilly
MN,Thoubal,hilly
MN,Bishnupur,hilly
MN,Ukhrul,hilly
ML,Shillong,hilly
ML,Tura,hilly
ML,Jowai,hilly
ML,Nongpoh,hilly
ML,Baghmara,hilly
MZ,Aizawl,hilly
MZ,Lunglei,hilly
MZ,Saiha,hilly
MZ,Champhai,hilly
MZ,Kolasib,hilly
NL,Kohima,hilly
NL,Dimapur,hilly
NL,Mokokchung,hilly
NL,Tuensang,hilly
NL,Wokha,hilly
OR,Bhubaneswar,inland
OR,Cuttack,inland
OR,Puri,coastal
OR,Rourkela,inland
OR,Berhampur,coastal
PB,Ludhiana,inland
PB,Amritsar,inland
PB,Jalandhar,inland
PB,Patiala,inland
PB,Bathinda,inland
RJ,Jaipur,inland
RJ,Jodhpur,inland
RJ,Udaipur,inland
RJ,Kota,inland
RJ,Bikaner,inland
SK,Gangtok,hilly
SK,Namchi,hilly
SK,Pelling,hilly
SK,Mangan,hilly
SK,Gyalshing,hilly
TN,Chennai,coastal
TN,Coimbatore,inland
TN,Madurai,inland
TN,Tiruchirappalli,inland
TN,Salem,inland
TG,Hyderabad,inland
TG,Warangal,inland
TG,Nizamabad,inland
TG,Karimnagar,inland
TG,Khammam,inland
TR,Agartala,inland
TR,Dharmanagar,inland
TR,Udaipur (Tripura),inland
TR,Kailashahar,inland
TR,Belonia,inland
UP,Lucknow,inland
UP,Kanpur,inland
UP,Varanasi,inland
UP,Agra,inland
UP,Prayagraj,inland
UK,Dehradun,hilly
UK,Haridwar,inland
UK,Haldwani,inland
UK,Roorkee,inland
UK,Rishikesh,hilly
WB,Kolkata,coastal
WB,Siliguri,inland
WB,Asansol,inland
WB,Durgapur,inland
WB,Darjeeling,hilly
DL,New Delhi,inland
DL,North Delhi,inland
DL,South Delhi,inland
DL,East Delhi,inland
DL,West Delhi,inland
